Symbol,Security,GICS Sector,GICS Sub-Industry,Headquarters Location,Date added,CIK,Founded,Market Capitalization,Current stock value
MMM,3M,Industrials,Industrial Conglomerates,"Saint Paul, Minnesota",1957-03-04,66740,1902,60230203514.87109,107.8
AOS,A. O. Smith,Industrials,Building Products,"Milwaukee, Wisconsin",2017-07-26,91142,1916,9909733291.48462,64.9
ABT,Abbott,Health Care,Health Care Equipment,"North Chicago, Illinois",1957-03-04,1800,1888,179312991601.40234,100.46
ABBV,AbbVie,Health Care,Pharmaceuticals,"North Chicago, Illinois",2012-12-31,1551152,2013 (1888),271036688844.04688,152.71
ACN,Accenture,Information Technology,IT Consulting & Other Services,"Dublin, Ireland",2011-07-06,1467373,1989,170586080305.41992,266.53
ATVI,Activision Blizzard,Communication Services,Interactive Home Entertainment,"Santa Monica, California",2015-08-31,718877,2008,60191693461.89844,76.82
ADM,ADM,Consumer Staples,Agricultural Products,"Chicago, Illinois",1957-03-04,7084,1902,45292946669.79541,81.44
ADBE,Adobe Inc.,Information Technology,Application Software,"San Jose, California",1997-05-05,796343,1982,159515833117.67578,320.54
ADP,ADP,Information Technology,Data Processing & Outsourced Services,"Roseland, New Jersey",1981-03-31,8670,1949,92383924701.9043,221.58
AAP,Advance Auto Parts,Consumer Discretionary,Automotive Retail,"Raleigh, North Carolina",2015-07-09,1158449,1932,8400397302.159119,138.85
AES,AES Corporation,Utilities,Independent Power Producers & Energy Traders,"Arlington, Virginia",1998-10-02,874761,1981,17099520664.40271,25.32
AFL,Aflac,Financials,Life & Health Insurance,"Columbus, Georgia",1999-05-28,4977,1955,42378831590.148926,68.57
A,Agilent Technologies,Health Care,Health Care Equipment,"Santa Clara, California",2000-06-05,1090872,1999,42407095086.364746,141.2
APD,Air Products and Chemicals,Materials,Industrial Gases,"Allentown, Pennsylvania",1985-04-30,2969,1940,61694656911.42578,280.98
AKAM,Akamai,Information Technology,Internet Services & Infrastructure,"Cambridge, Massachusetts",2007-07-12,1086222,1998,11834160095.214844,72.71
ALK,Alaska Air Group,Industrials,Airlines,"SeaTac, Washington",2016-05-13,766421,1985,6134770005.386353,47.3
ALB,Albemarle Corporation,Materials,Specialty Chemicals,"Charlotte, North Carolina",2016-07-01,915913,1994,29280747890.808105,249.52
ARE,Alexandria Real Estate Equities,Real Estate,Office REITs,"Pasadena, California",2017-03-20,1035443,1994,27097635269.71289,151.74
ALGN,Align Technology,Health Care,Health Care Supplies,"Tempe, Arizona",2017-06-19,1097149,1997,23418807339.47754,306.28
ALLE,Allegion,Industrials,Building Products,"New York City, New York",2013-12-02,1579241,1908,10008096994.075012,113.01
LNT,Alliant Energy,Utilities,Electric Utilities,"Madison, Wisconsin",2016-07-01,352541,1917,13580202827.688477,52.72
ALL,Allstate,Financials,Property & Casualty Insurance,"Northfield Township, Illinois",1995-07-13,899051,1931,35228287078.552246,131.59
GOOGL,Alphabet Inc. (Class A),Communication Services,Interactive Media & Services,"Mountain View, California",2014-04-03,1652044,1998,1165623848806.7031,89.13
GOOG,Alphabet Inc. (Class C),Communication Services,Interactive Media & Services,"Mountain View, California",2006-04-03,1652044,1998,1166912936239.672,89.35
MO,Altria,Consumer Staples,Tobacco,"Richmond, Virginia",1957-03-04,764180,1985,84607335294.8872,47.17
AMZN,Amazon,Consumer Discretionary,Internet & Direct Marketing Retail,"Seattle, Washington",2005-11-18,1018724,1994,974948608221.1562,93.5
AMCR,Amcor,Materials,Paper Packaging,"Warmley, Bristol, United Kingdom",2019-06-07,1748790,2019 (1860),16648164428.083984,11.28
AMD,AMD,Information Technology,Semiconductors,"Santa Clara, California",2017-03-20,2488,1969,128730811385.60156,78.09
AEE,Ameren,Utilities,Multi-Utilities,"St. Louis, Missouri",1991-09-19,1002910,1902,22387899200.439453,84.37
AAL,American Airlines Group,Industrials,Airlines,"Fort Worth, Texas",2015-03-23,6201,1934,10358220434.920044,15.56
AEP,American Electric Power,Utilities,Electric Utilities,"Columbus, Ohio",1957-03-04,4904,1906,45972840878.17383,90.43
AXP,American Express,Financials,Consumer Finance,"New York City, New York",1976-06-30,4962,1850,130710062281.14062,174.25
AIG,American International Group,Financials,Property & Casualty Insurance,"New York City, New York",1980-03-31,5272,1919,45130573748.33496,60.17
AMT,American Tower,Real Estate,Specialized REITs,"Boston, Massachusetts",2007-11-19,1053507,1995,93675275495.77344,195.73
AWK,American Water Works,Utilities,Water Utilities,"Camden, New Jersey",2016-03-04,1410636,1886,26720542713.464844,141.56
AMP,Ameriprise Financial,Financials,Asset Management & Custody Banks,"Minneapolis, Minnesota",2005-10-03,820027,1894,36099997586.05957,339.79
ABC,AmerisourceBergen,Health Care,Health Care Distributors,"Conshohocken, Pennsylvania",2001-08-30,1140859,1985,32521062462.06665,158.57
AME,Ametek,Industrials,Electrical Components & Equipment,"Berwyn, Pennsylvania",2013-09-23,1037868,1930,32601683381.86645,140.94
AMGN,Amgen,Health Care,Biotechnology,"Thousand Oaks, California",1992-01-02,318154,1980,126595031057.73926,233.66
APH,Amphenol,Information Technology,Electronic Components,"Wallingford, Connecticut",2008-09-30,820313,1932,46022427288.095215,76.52
ADI,Analog Devices,Information Technology,Semiconductors,"Wilmington, Massachusetts",1999-10-12,6281,1965,93840785767.18652,182.94
ANSS,Ansys,Information Technology,Application Software,"Canonsburg, Pennsylvania",2017-06-19,1013462,1969,25981649636.35254,291.34
AON,Aon,Financials,Insurance Brokers,"London, UK",1996-04-23,315293,1982 (1919),62632930230.83496,302.97
APA,APA Corporation,Energy,Oil & Gas Exploration & Production,"Houston, Texas",1997-07-28,1841666,1954,12638637161.52954,39.22
AAPL,Apple Inc.,Information Technology,"Technology Hardware, Storage & Peripherals","Cupertino, California",1982-11-30,320193,1977,2355564515906.25,146.71
AMAT,Applied Materials,Information Technology,Semiconductor Equipment,"Santa Clara, California",1995-03-16,6951,1967,94138094354.0039,111.31
APTV,Aptiv,Consumer Discretionary,Auto Parts & Equipment,"Dublin, Ireland",2012-12-24,1521332,1994,31235117513.73047,114.94
ACGL,Arch Capital Group,Financials,Reinsurance,"Hamilton, Bermuda",2022-11-01,947484,1995,25490914756.84375,69.17
ANET,Arista Networks,Information Technology,Communications Equipment,"Santa Clara, California",2018-08-28,1596532,2004,41868086999.51172,135.53
AJG,Arthur J. Gallagher & Co.,Financials,Insurance Brokers,"Rolling Meadows, Illinois",2016-05-31,354190,1927,39614917061.09619,184.73
AIZ,Assurant,Financials,Multi-line Insurance,"New York City, New York",2007-04-10,1267238,1892,6904433323.599243,127.98
T,AT&T,Communication Services,Integrated Telecommunication Services,"Dallas, Texas",1983-11-30,732717,1983 (1885),139068104933.49512,19.24
ATO,Atmos Energy,Utilities,Gas Utilities,"Dallas, Texas",2019-02-15,731802,1906,16656300340.519531,115.75
ADSK,Autodesk,Information Technology,Application Software,"San Francisco, California",1989-12-01,769397,1982,46987582254.01611,192.53
AZO,AutoZone,Consumer Discretionary,Specialty Stores,"Memphis, Tennessee",1997-01-02,866787,1979,48116945362.3291,2540.56
AVB,AvalonBay Communities,Real Estate,Residential REITs,"Arlington, Virginia",2007-01-10,915912,1978,24859695051.46826,175.0
AVY,Avery Dennison,Materials,Paper Packaging,"Glendale, California",1987-12-31,8818,1990,14835545519.195557,181.65
BKR,Baker Hughes,Energy,Oil & Gas Equipment & Services,"Houston, Texas",2017-07-07,1701605,2017,31259355759.240234,30.38
BALL,Ball Corporation,Materials,Metal & Glass Containers,"Broomfield, Colorado",1984-10-31,9389,1880,18035488608.39844,56.85
BAC,Bank of America,Financials,Diversified Banks,"Charlotte, North Carolina",1976-06-30,70858,1998 (1923 / 1874),274129609735.2656,34.21
BBWI,"Bath & Body Works, Inc.",Consumer Discretionary,Specialty Stores,"Columbus, Ohio",1983-09-30,701985,1963,9833265920.13318,42.42
BAX,Baxter International,Health Care,Health Care Equipment,"Deerfield, Illinois",1972-09-30,10456,1931,20525009315.91797,40.16
BDX,Becton Dickinson,Health Care,Health Care Equipment,"Franklin Lakes, New Jersey",1972-09-30,10795,1897,68487103003.04004,237.92
WRB,Berkley,Financials,Property & Casualty Insurance,"Greenwich, Connecticut",2019-12-05,11544,1967,17664159380.355835,66.35
BRK-B,Berkshire Hathaway,Financials,Multi-Sector Holdings,"Omaha, Nebraska",2010-02-16,1067983,1839,672337489445.625,304.02
BBY,Best Buy,Consumer Discretionary,Computer & Electronics Retail,"Richfield, Minnesota",1999-06-29,764478,1966,18316233649.902344,83.82
BIO,Bio-Rad,Health Care,Life Sciences Tools & Services,"Hercules, California",2020-06-22,12208,1952,13788357975.0,480.0
TECH,Bio-Techne,Health Care,Life Sciences Tools & Services,"Minneapolis, Minnesota",2021-08-30,842023,1976,11783043311.38086,72.48
BIIB,Biogen,Health Care,Biotechnology,"Cambridge, Massachusetts",2003-11-13,875045,1978,39450458674.62158,270.02
BLK,BlackRock,Financials,Asset Management & Custody Banks,"New York City, New York",2011-04-04,1364742,1988,104129842039.30664,683.43
BK,BNY Mellon,Financials,Asset Management & Custody Banks,"New York City, New York",1995-03-31,1390777,1784,40794133556.1665,50.46
BA,Boeing,Industrials,Aerospace & Defense,"Chicago, Illinois",1957-03-04,12927,1916,124290339113.76952,198.15
BKNG,Booking Holdings,Consumer Discretionary,Internet & Direct Marketing Retail,"Norwalk, Connecticut",2009-11-06,1075531,1996,94031320221.97266,2452.48
BWA,BorgWarner,Consumer Discretionary,Auto Parts & Equipment,"Auburn Hills, Michigan",2011-12-19,908255,1880,11736987681.118896,49.78
BXP,Boston Properties,Real Estate,Office REITs,"Boston, Massachusetts",2006-04-03,1037540,1970,10779212620.910645,66.72
BSX,Boston Scientific,Health Care,Health Care Equipment,"Marlborough, Massachusetts",1995-02-24,885725,1979,66931846392.02051,47.01
BMY,Bristol Myers Squibb,Health Care,Pharmaceuticals,"New York City, New York",1957-03-04,14272,1989 (1887),150083764571.79785,70.18
AVGO,Broadcom Inc.,Information Technology,Semiconductors,"San Jose, California",2014-05-08,1730168,1961,242057743045.166,577.75
BR,Broadridge Financial Solutions,Information Technology,Data Processing & Outsourced Services,"Lake Success, New York",2018-06-18,1383312,1962,16726528585.327148,141.1
BRO,Brown & Brown,Financials,Insurance Brokers,"Daytona Beach, Florida",2021-09-20,79282,1939,16017111785.888672,56.47
BF-B,Brown–Forman,Consumer Staples,Distillers & Vintners,"Louisville, Kentucky",1982-10-31,14693,1870,31336166161.13769,64.99
CHRW,C.H. Robinson,Industrials,Air Freight & Logistics,"Eden Prairie, Minnesota",2007-03-02,1043277,1905,11823435191.116331,100.34
CDNS,Cadence Design Systems,Information Technology,Application Software,"San Jose, California",2017-09-18,813672,1988,54044847900.6958,193.74
CZR,Caesars Entertainment,Consumer Discretionary,Casinos & Gaming,"Reno, Nevada",2021-03-22,1590895,1973,11325866277.259829,50.03
CPT,Camden Property Trust,Real Estate,Residential REITs,"Houston, Texas",2022-04-04,906345,1981,12844693052.490234,116.43
CPB,Campbell Soup Company,Consumer Staples,Packaged Foods & Meats,"Camden, New Jersey",1957-03-04,16732,1869,15991591656.951904,53.13
COF,Capital One,Financials,Consumer Finance,"Tysons Corner, Virginia",1998-07-01,927628,1994,41448606289.67285,109.64
CAH,Cardinal Health,Health Care,Health Care Distributors,"Dublin, Ohio",1997-05-27,721371,1971,20082959887.348145,77.57
KMX,CarMax,Consumer Discretionary,Automotive Retail,"Richmond, Virginia",2010-06-28,1170010,1993,10866520263.549805,67.86
CCL,Carnival,Consumer Discretionary,"Hotels, Resorts & Cruise Lines","Miami, Florida",1998-12-22,815097,1972,14302317896.569702,10.59
CARR,Carrier Global,Industrials,Building Products,"Palm Beach Gardens, Florida",2020-04-03,1783180,2020 (1915),36875283482.00391,44.25
CTLT,Catalent,Health Care,Pharmaceuticals,"Somerset, New Jersey",2020-09-21,1596783,2007,12107451304.55017,67.98
CAT,Caterpillar Inc.,Industrials,Construction Machinery & Heavy Trucks,"Irving, Texas",1957-03-04,18230,1925,123471233424.0,236.17
CBOE,Cboe Global Markets,Financials,Financial Exchanges & Data,"Chicago, Illinois",2017-03-01,1374310,1973,13775668679.595947,129.69
CBRE,CBRE Group,Real Estate,Real Estate Services,"Dallas, Texas",2006-11-10,1138118,1906,27421213304.93994,84.99
CDW,CDW,Information Technology,Technology Distributors,"Lincolnshire, Illinois",2019-09-23,1402057,1984,27749064292.54834,202.53
CE,Celanese,Materials,Specialty Chemicals,"Irving, Texas",2018-12-24,1306830,1918,12459461877.075195,117.72
CNC,Centene Corporation,Health Care,Managed Health Care,"St. Louis, Missouri",2016-03-30,1071739,1984,39648778131.62256,70.28
CNP,CenterPoint Energy,Utilities,Multi-Utilities,"Houston, Texas",1985-07-31,1130310,1882,18295369737.10913,28.57
CDAY,Ceridian,Information Technology,Application Software,"Minneapolis, Minnesota",2021-09-20,1725057,1992,11439267120.43286,72.92
CF,CF Industries,Materials,Fertilizers & Agricultural Chemicals,"Deerfield, Illinois",2008-08-27,1324404,1946,16673922537.231443,85.59
CRL,Charles River Laboratories,Health Care,Life Sciences Tools & Services,"Wilmington, Massachusetts",2021-05-14,1100682,1947,11534455776.661682,219.81
SCHW,Charles Schwab Corporation,Financials,Investment Banking & Brokerage,"Westlake, Texas",1997-06-02,316709,1971,149087183556.5332,80.6
CHTR,Charter Communications,Communication Services,Cable & Satellite,"Stamford, Connecticut",2016-09-08,1091667,1993,58686681889.015625,374.81
CVX,Chevron Corporation,Energy,Integrated Oil & Gas,"San Ramon, California",1957-03-04,93410,1879,313752405393.5586,162.41
CMG,Chipotle Mexican Grill,Consumer Discretionary,Restaurants,"Newport Beach, California",2011-04-28,1058090,1993,42753299876.46484,1476.73
CB,Chubb Limited,Financials,Property & Casualty Insurance,"Zurich, Switzerland",2010-07-15,896159,1985,87479546688.0,210.91
CHD,Church & Dwight,Consumer Staples,Household Products,"Ewing, New Jersey",2015-12-29,313927,1847,20448194943.1062,83.57
CI,Cigna,Health Care,Managed Health Care,"Bloomfield, Connecticut",1976-06-30,1739940,1982,88616289409.05762,293.73
CINF,Cincinnati Financial,Financials,Property & Casualty Insurance,"Fairfield, Ohio",1997-12-18,20286,1950,19575603041.07666,121.45
CTAS,Cintas,Industrials,Diversified Support Services,"Mason, Ohio",2001-03-01,723254,1929,44569515427.856445,435.03
CSCO,Cisco,Information Technology,Communications Equipment,"San Jose, California",1993-12-01,858877,1984,201657701775.41016,48.48
C,Citigroup,Financials,Diversified Banks,"New York City, New York",1988-05-31,831001,1998,97249239136.84082,50.18
CFG,Citizens Financial Group,Financials,Regional Banks,"Providence, Rhode Island",2016-01-29,759944,1828,20315507692.42871,41.89
CLX,Clorox,Consumer Staples,Household Products,"Oakland, California",1969-03-31,21076,1913,19100053125.0,154.03
CME,CME Group,Financials,Financial Exchanges & Data,"Chicago, Illinois",2006-08-11,1156375,1848,67700808502.19727,187.17
CMS,CMS Energy,Utilities,Multi-Utilities,"Jackson, Michigan",1957-03-04,811156,1886,17752541022.216797,60.42
KO,Coca-Cola Company (The),Consumer Staples,Soft Drinks,"Atlanta, Georgia",1957-03-04,21344,1886,261108247924.8047,59.84
CTSH,Cognizant,Information Technology,IT Consulting & Other Services,"Teaneck, New Jersey",2006-11-17,1058290,1994,32768038949.625977,63.83
CL,Colgate-Palmolive,Consumer Staples,Household Products,"New York City, New York",1957-03-04,21665,1806,61472956948.59375,73.13
CMCSA,Comcast,Communication Services,Cable & Satellite,"Philadelphia, Pennsylvania",2002-11-19,1166691,1963,159767591992.03906,37.0
CMA,Comerica,Financials,Diversified Banks,"Dallas, Texas",1995-12-01,28412,1849,9039713419.914246,70.41
CAG,Conagra Brands,Consumer Staples,Packaged Foods & Meats,"Chicago, Illinois",1983-08-31,23217,1919,17453850444.446533,36.53
COP,ConocoPhillips,Energy,Oil & Gas Exploration & Production,"Houston, Texas",1957-03-04,1163165,2002,129032245335.31934,105.25
ED,Consolidated Edison,Utilities,Electric Utilities,"New York City, New York",1957-03-04,1047862,1823,32930423008.0,91.26
STZ,Constellation Brands,Consumer Staples,Distillers & Vintners,"Victor, New York",2005-07-01,16918,1945,41326505869.74805,224.09
CEG,Constellation Energy,Utilities,Multi-Utilities,"Baltimore, Maryland",2022-02-02,1868275,1999,25813909039.26953,79.27
COO,CooperCompanies,Health Care,Health Care Supplies,"San Ramon, California",2016-09-23,711404,1958,16839693540.664673,330.51
CPRT,Copart,Industrials,Diversified Support Services,"Dallas, Texas",2018-07-02,900075,1982,33095705790.71045,69.23
GLW,Corning Inc.,Information Technology,Electronic Components,"Corning, New York",1995-02-27,24741,1851,29316477871.26685,34.31
CTVA,Corteva,Materials,Fertilizers & Agricultural Chemicals,"Indianapolis, Indiana",2019-06-03,1755672,2019,44316203112.70215,61.68
CSGP,CoStar Group,Industrials,Research & Consulting Services,"Washington, D.C.",2022-09-19,1057352,1987,28891256835.6958,70.73
COST,Costco,Consumer Staples,Hypermarkets & Super Centers,"Issaquah, Washington",1993-10-01,909832,1976,220385990673.6592,488.61
CTRA,Coterra,Energy,Oil & Gas Exploration & Production,"Houston, Texas",2008-06-23,858470,2021 (1989),19597347122.908447,25.56
CCI,Crown Castle,Real Estate,Specialized REITs,"Houston, Texas",2012-03-14,1051470,1994,58617377544.31152,131.16
CSX,CSX,Industrials,Railroads,"Jacksonville, Florida",1957-03-04,277948,1980,62940544355.802734,30.75
CMI,Cummins,Industrials,Industrial Machinery,"Columbus, Indiana",1965-03-31,26172,1919,35357890363.68457,244.11
CVS,CVS Health,Health Care,Health Care Services,"Woonsocket, Rhode Island",1957-03-04,64803,1996,112366037822.84668,85.77
DHI,D.R. Horton,Consumer Discretionary,Homebuilding,"Arlington, Texas",2005-06-22,882184,1978,31245293550.06543,91.16
DHR,Danaher Corporation,Health Care,Health Care Equipment,"Washington, D.C.",1998-11-18,313616,1969,183320405944.4297,249.12
DRI,Darden Restaurants,Consumer Discretionary,Restaurants,"Orlando, Florida",1995-05-31,940944,1938,18138912382.888798,144.53
DVA,DaVita Inc.,Health Care,Health Care Facilities,"Denver, Colorado",2008-07-31,927066,1979,7369279082.489014,82.31
DE,John Deere,Industrials,Agricultural & Farm Machinery,"Moline, Illinois",1957-03-04,315189,1837,126856318071.09766,417.42
DAL,Delta Air Lines,Industrials,Airlines,"Atlanta, Georgia",2013-09-11,27904,1929,24177916764.223637,37.36
XRAY,Dentsply Sirona,Health Care,Health Care Supplies,"Charlotte, North Carolina",2008-11-14,818479,2016 (1969),7625077661.621094,34.33
DVN,Devon Energy,Energy,Oil & Gas Exploration & Production,"Oklahoma City, Oklahoma",2000-08-30,1090012,1971,35675699501.0376,55.0
DXCM,Dexcom,Health Care,Health Care Equipment,"San Diego, California",2020-05-12,1093557,1999,42942188536.76221,110.09
FANG,Diamondback Energy,Energy,Oil & Gas Exploration & Production,"Midland, Texas",2018-12-03,1539838,2007,25439553412.51269,142.38
DLR,Digital Realty,Real Estate,Specialized REITs,"Austin, Texas",2016-05-18,1297996,2004,32281489295.15039,105.04
DFS,Discover Financial,Financials,Consumer Finance,"Riverwoods, Illinois",2007-07-02,1393612,1985,29404709266.6626,112.22
DISH,Dish Network,Communication Services,Cable & Satellite,"Meridian, Colorado",2017-03-13,1001082,1980,7435190957.30896,13.27
DIS,Disney,Communication Services,Movies & Entertainment,"Burbank, California",1976-06-30,1744489,1923,183704007531.0547,100.3
DG,Dollar General,Consumer Discretionary,General Merchandise Stores,"Goodlettsville, Tennessee",2012-12-03,29534,1939,47997081079.92773,214.25
DLTR,Dollar Tree,Consumer Discretionary,General Merchandise Stores,"Chesapeake, Virginia",2011-12-19,935703,1986,31348407375.0,144.0
D,Dominion Energy,Utilities,Electric Utilities,"Richmond, Virginia",,715957,1983,48092216097.20801,57.0
DPZ,Domino's,Consumer Discretionary,Restaurants,"Ann Arbor, Michigan",2020-05-12,1286681,1960,10991513700.0,297.47
DOV,Dover Corporation,Industrials,Industrial Machinery,"Downers Grove, Illinois",1985-10-31,29905,1955,20813044588.78809,148.4
DOW,Dow Inc.,Materials,Commodity Chemicals,"Midland, Michigan",2019-04-01,1751788,2019,40357905152.89307,57.79
DTE,DTE Energy,Utilities,Multi-Utilities,"Detroit, Michigan",1957-03-04,936340,1995,21925781785.247803,113.0
DUK,Duke Energy,Utilities,Electric Utilities,"Charlotte, North Carolina",1976-06-30,1326160,1904,75373761975.83887,96.92
DD,DuPont,Materials,Specialty Chemicals,"Wilmington, Delaware",2019-04-02,1666700,2017,33582422549.069824,72.92
DXC,DXC Technology,Information Technology,IT Consulting & Other Services,"Tysons Corner, Virginia",2017-04-04,1688568,2017,6432016500.0,27.73
EMN,Eastman Chemical Company,Materials,Diversified Chemicals,"Kingsport, Tennessee",1994-01-01,915389,1920,9965880257.492064,83.84
ETN,Eaton Corporation,Industrials,Electrical Components & Equipment,"Dublin, Ireland",1957-03-04,1551182,1911,68197594300.842285,173.25
EBAY,eBay,Consumer Discretionary,Internet & Direct Marketing Retail,"San Jose, California",2002-07-22,1065088,1995,24275851054.092773,45.07
ECL,Ecolab,Materials,Specialty Chemicals,"Saint Paul, Minnesota",1989-01-31,31462,1923,45245068614.62402,158.58
EIX,Edison International,Utilities,Electric Utilities,"Rosemead, California",1957-03-04,827052,1886,25406143816.083984,68.63
EW,Edwards Lifesciences,Health Care,Health Care Equipment,"Irvine, California",2011-04-01,1099800,1958,46508573363.774414,76.25
EA,Electronic Arts,Communication Services,Interactive Home Entertainment,"Redwood City, California",2002-07-22,712515,1982,30496895628.936768,109.77
ELV,Elevance Health,Health Care,Managed Health Care,"Indianapolis, Indiana",2002-07-25,1156039,2014 (1946),116622748699.46288,478.03
LLY,Eli Lilly and Company,Health Care,Pharmaceuticals,"Indianapolis, Indiana",1970-12-31,59478,1876,314822458679.9824,321.64
EMR,Emerson Electric,Industrials,Electrical Components & Equipment,"Ferguson, Missouri",1965-03-31,32604,1890,47283350000.0,82.18
ENPH,Enphase,Information Technology,Electronic Components,"Fremont, California",2021-01-07,1463101,2006,27450910144.431152,198.96
ETR,Entergy,Utilities,Electric Utilities,"New Orleans, Louisiana",1957-03-04,65984,1913,22792225744.4458,107.31
EOG,EOG Resources,Energy,Oil & Gas Exploration & Production,"Houston, Texas",2000-11-02,821189,1999,70445684798.1372,114.26
EPAM,EPAM Systems,Information Technology,IT Consulting & Other Services,"Newtown, Pennsylvania",2021-12-14,1352010,1993,18059851636.96289,306.03
EQT,EQT,Energy,Oil & Gas Exploration & Production,"Pittsburgh, Pennsylvania",2022-10-03,33213,1888,11733322094.87915,34.73
EFX,Equifax,Industrials,Research & Consulting Services,"Atlanta, Georgia",1997-06-19,33185,1899,25079424476.62353,200.14
EQIX,Equinix,Real Estate,Specialized REITs,"Redwood City, California",2015-03-20,1101239,1998,65421406502.64844,684.8
EQR,Equity Residential,Real Estate,Residential REITs,"Chicago, Illinois",2001-12-03,906107,1969,25349159724.914062,63.67
ESS,Essex Property Trust,Real Estate,Residential REITs,"San Mateo, California",2014-04-02,920522,1971,15598057135.81848,229.46
EL,Estée Lauder Companies (The),Consumer Staples,Personal Products,"New York City, New York",2006-01-05,1001250,1946,89560410991.82129,242.72
ETSY,Etsy,Consumer Discretionary,Internet & Direct Marketing Retail,"New York City, New York",2020-09-21,1370637,2005,15785155459.716797,124.11
RE,Everest Re,Financials,Reinsurance,"Hamilton, Bermuda",2017-06-19,1095073,1973,15037010195.617676,386.17
EVRG,Evergy,Utilities,Electric Utilities,"Kansas City, Missouri",2018-06-05,1711269,1909,14043012550.048828,60.63
ES,Eversource,Utilities,Multi-Utilities,"Hartford, Connecticut",2009,72741,1966,27578945040.42285,77.38
EXC,Exelon,Utilities,Multi-Utilities,"Chicago, Illinois",1957-03-04,1109357,2000,41673801013.61914,41.32
EXPE,Expedia Group,Consumer Discretionary,Internet & Direct Marketing Retail,"Seattle, Washington",2007-10-02,1324424,1996,16549315879.211426,104.31
EXPD,Expeditors International,Industrials,Air Freight & Logistics,"Seattle, Washington",2007-10-10,746515,1979,17130194185.791016,107.19
EXR,Extra Space Storage,Real Estate,Specialized REITs,"Salt Lake City, Utah",2016-01-19,1289490,1977,21913312903.07617,160.79
XOM,ExxonMobil,Energy,Integrated Oil & Gas,"Irving, Texas",1957-03-04,34088,1999,454367395786.5,110.75
FFIV,"F5, Inc.",Information Technology,Communications Equipment,"Seattle, Washington",2010-12-20,1048695,1996,8594841379.641724,140.65
FDS,FactSet,Financials,Financial Exchanges & Data,"Norwalk, Connecticut",2021-12-20,1013237,1978,16294119292.694092,421.39
FAST,Fastenal,Industrials,Building Products,"Winona, Minnesota",2008-09-15,815556,1967,29357991971.324707,51.24
FRT,Federal Realty,Real Estate,Retail REITs,"Rockville, Maryland",2016-02-01,34903,1962,8814145255.343628,107.02
FDX,FedEx,Industrials,Air Freight & Logistics,"Memphis, Tennessee",1980-12-31,1048911,1971,51506656006.05078,203.28
FITB,Fifth Third Bank,Financials,Regional Banks,"Cincinnati, Ohio",1996-03-29,35527,1858,24509639463.200684,36.31
FRC,First Republic Bank,Financials,Regional Banks,"San Francisco, California",2019-01-02,1132979,1985,22508191675.93384,120.44
FSLR,First Solar,Information Technology,Semiconductors,"Tempe, Arizona",2022-12-19,1274494,1999,17469524699.46289,162.16
FE,FirstEnergy,Utilities,Electric Utilities,"Akron, Ohio",1997-11-28,1031296,1997,22832576053.97656,39.8
FIS,FIS,Information Technology,Data Processing & Outsourced Services,"Jacksonville, Florida",2006-11-10,1136893,1968,39210485935.14941,64.9
FISV,Fiserv,Information Technology,Data Processing & Outsourced Services,"Brookfield, Wisconsin",2001-04-02,798354,1984,73002814619.89453,114.45
FLT,Fleetcor,Information Technology,Data Processing & Outsourced Services,"Atlanta, Georgia",2018-06-20,1175454,2000,15397288863.104248,206.77
FMC,FMC Corporation,Materials,Fertilizers & Agricultural Chemicals,"Philadelphia, Pennsylvania",2009-08-19,37785,1883,16375580000.0,128.87
F,Ford Motor Company,Consumer Discretionary,Automobile Manufacturers,"Dearborn, Michigan",1957-03-04,37996,1903,48192917968.88281,11.88
FTNT,Fortinet,Information Technology,Systems Software,"Sunnyvale, California",2018-10-11,1262039,2000,47030405869.63574,58.86
FTV,Fortive,Industrials,Industrial Machinery,"Everett, Washington",2016-07-01,1659166,2016,23496082646.1792,67.01
FOXA,Fox Corporation (Class A),Communication Services,Movies & Entertainment,"New York City, New York",2013-07-01,1754301,2019,18770627598.81592,35.89
FOX,Fox Corporation (Class B),Communication Services,Movies & Entertainment,"New York City, New York",2015-09-18,1754301,2019,18763715533.74414,33.06
BEN,Franklin Templeton,Financials,Asset Management & Custody Banks,"San Mateo, California",1998-04-30,38777,1947,14859132253.102297,29.29
FCX,Freeport-McMoRan,Materials,Copper,"Phoenix, Arizona",,831259,1912,58500915189.49609,39.89
GRMN,Garmin,Consumer Discretionary,Consumer Electronics,"Schaffhausen, Switzerland",2012-12-12,1121788,1989,19279481058.10547,98.3
IT,Gartner,Information Technology,IT Consulting & Other Services,"Stamford, Connecticut",2017-04-05,749251,1979,26513160886.114506,332.35
GEHC,GE HealthCare,Health Care,Health Care Technology,"Chicago, Illinois",2023-01-04,1932393,1994,33612163550.121094,75.01
GEN,Gen Digital,Information Technology,Application Software,"Tempe, Arizona",2003-03-25,849399,1982,13137297283.3667,20.17
GNRC,Generac,Industrials,Electrical Components & Equipment,"Waukesha, Wisconsin",2021-03-22,1474735,1959,7301855203.514099,118.21
GD,General Dynamics,Industrials,Aerospace & Defense,"Falls Church, Virginia",1957-03-04,40533,1899,63870843431.3291,231.95
GE,General Electric,Industrials,Industrial Conglomerates,"Boston, Massachusetts",1957-03-04,40545,1892,90204100915.64062,83.55
GIS,General Mills,Consumer Staples,Packaged Foods & Meats,"Golden Valley, Minnesota",1957-03-04,40704,1856,47593401285.5,80.64
GM,General Motors,Consumer Discretionary,Automobile Manufacturers,"Detroit, Michigan",2013-06-06,1467858,1908,55135139699.70703,39.18
GPC,Genuine Parts Company,Consumer Discretionary,Specialty Stores,"Atlanta, Georgia",1973-12-31,40987,1925,25183120111.22168,178.82
GILD,Gilead Sciences,Health Care,Biotechnology,"Foster City, California",2004-07-01,882095,1987,104330261496.22266,80.66
GL,Globe Life,Financials,Life & Health Insurance,"McKinney, Texas",1989-04-30,320335,1900,11820274377.470398,122.03
GPN,Global Payments,Information Technology,Data Processing & Outsourced Services,"Atlanta, Georgia",2016-04-25,1123360,2000,29977188150.924683,112.21
GS,Goldman Sachs,Financials,Investment Banking & Brokerage,"New York City, New York",2002-07-22,886982,1869,122477331020.0039,363.85
HAL,Halliburton,Energy,Oil & Gas Equipment & Services,"Houston, Texas",1957-03-04,45012,1919,32860242503.66211,36.99
HIG,Hartford (The),Financials,Property & Casualty Insurance,"Hartford, Connecticut",1957-03-04,874766,1810,24652942522.979736,77.97
HAS,Hasbro,Consumer Discretionary,Leisure Products,"Pawtucket, Rhode Island",1984-09-30,46080,1923,7899982867.240906,56.43
HCA,HCA Healthcare,Health Care,Health Care Facilities,"Nashville, Tennessee",2015-01-27,860730,1968,70512776999.16016,249.14
PEAK,Healthpeak,Real Estate,Health Care REITs,"Long Beach, California",2008-03-31,765880,1985,13762527547.63623,24.55
HSIC,Henry Schein,Health Care,Health Care Distributors,"Melville, New York",2015-03-17,1000228,1932,10858425189.559937,80.82
HSY,Hershey's,Consumer Staples,Packaged Foods & Meats,"Hershey, Pennsylvania",1957-03-04,47111,1894,49415976845.09277,239.02
HES,Hess Corporation,Energy,Integrated Oil & Gas,"New York City, New York",1984-05-31,4447,1919,42000797522.76611,138.95
HPE,Hewlett Packard Enterprise,Information Technology,"Technology Hardware, Storage & Peripherals","Houston, Texas",2015-11-02,1645590,2015,20392337493.09375,15.6
HLT,Hilton Worldwide,Consumer Discretionary,"Hotels, Resorts & Cruise Lines","Tysons Corner, Virginia",2017-06-19,1585689,1919,38520824178.10547,144.79
HOLX,Hologic,Health Care,Health Care Equipment,"Marlborough, Massachusetts",2016-03-30,859737,1985,20085520707.092285,80.1
HD,Home Depot (The),Consumer Discretionary,Home Improvement Retail,"Atlanta, Georgia",1988-03-31,354950,1978,303338667943.1875,296.66
HON,Honeywell,Industrials,Industrial Conglomerates,"Charlotte, North Carolina",1957-03-04,773840,1906,129726071059.92188,192.04
HRL,Hormel Foods,Consumer Staples,Packaged Foods & Meats,"Austin, Minnesota",2009-03-04,48465,1891,24916933566.223145,45.1
HST,Host Hotels & Resorts,Real Estate,Hotel & Resort REITs,"Bethesda, Maryland",2007-03-20,1070750,1993,12491355447.565674,16.98
HWM,Howmet Aerospace,Industrials,Aerospace & Defense,"Pittsburgh, Pennsylvania",1957-03-04,4281,2016,17433386930.370605,41.96
HPQ,HP Inc.,Information Technology,"Technology Hardware, Storage & Peripherals","Palo Alto, California",1974-12-31,47217,1939 (2015),28649198428.211792,29.22
HUM,Humana,Health Care,Managed Health Care,"Louisville, Kentucky",,49071,1961,63737250000.0,507.42
HBAN,Huntington Bancshares,Financials,Regional Banks,"Columbus, Ohio; Detroit, Michigan",1997-08-28,49196,1866,21652515745.300537,15.29
HII,Huntington Ingalls Industries,Industrials,Aerospace & Defense,"Newport News, Virginia",2018-01-03,1501585,2011,8724833323.956299,220.75
IBM,IBM,Information Technology,IT Consulting & Other Services,"Armonk, New York",1957-03-04,51143,1911,116718791494.14062,130.57
IEX,IDEX Corporation,Industrials,Industrial Machinery,"Lake Forest, Illinois",2019-08-09,832101,1988,17014624048.946775,224.84
IDXX,Idexx Laboratories,Health Care,Health Care Equipment,"Westbrook, Maine",2017-01-05,874716,1983,39817259772.60132,468.17
ITW,Illinois Tool Works,Industrials,Industrial Machinery,"Glenview, Illinois",1986-02-28,49826,1912,70897801338.0127,232.7
ILMN,Illumina,Health Care,Life Sciences Tools & Services,"San Diego, California",2015-11-19,1110803,1998,31211465711.975098,196.59
INCY,Incyte,Health Care,Biotechnology,"Wilmington, Delaware",2017-02-28,879169,1991,17460387979.171875,77.02
IR,Ingersoll Rand,Industrials,Industrial Machinery,"Davidson, North Carolina",2020-03-03,1699150,1859,23386266288.0,57.68
INTC,Intel,Information Technology,Semiconductors,"Santa Clara, California",1976-12-31,50863,1968,105927881467.51172,25.14
ICE,Intercontinental Exchange,Financials,Financial Exchanges & Data,"Atlanta, Georgia",2007-09-26,1571949,2000,58567587343.87793,102.51
IFF,International Flavors & Fragrances,Materials,Specialty Chemicals,"New York City, New York",1976-03-31,51253,1958 (1889),24231588713.424683,93.8
IP,International Paper,Materials,Paper Packaging,"Memphis, Tennessee",1957-03-04,51434,1898,13043130655.60254,36.49
IPG,Interpublic Group of Companies (The),Communication Services,Advertising,"New York City, New York",1992-10-01,51644,1961 (1930),14272465818.256836,36.21
INTU,Intuit,Information Technology,Application Software,"Mountain View, California",2000-12-05,896878,1983,115236832571.17384,419.81
ISRG,Intuitive Surgical,Health Care,Health Care Equipment,"Sunnyvale, California",2008-06-02,1035267,1995,82197992570.27344,231.05
IVZ,Invesco,Financials,Asset Management & Custody Banks,"Atlanta, Georgia",2008-08-21,914208,1935,8031502889.325317,17.53
INVH,Invitation Homes,Real Estate,Residential REITs,"Dallas, Texas",2022-09-19,1687229,2012,19738493951.21338,31.55
IQV,IQVIA,Health Care,Life Sciences Tools & Services,"Durham, North Carolina",2017-08-29,1478242,1982,39343561334.58203,209.54
IRM,Iron Mountain,Real Estate,Specialized REITs,"Boston, Massachusetts",2009-01-06,1020569,1951,15213063315.033203,52.3
JBHT,J.B. Hunt,Industrials,Trucking,"Lowell, Arkansas",2015-07-01,728535,1961,19172743576.72119,183.54
JKHY,Jack Henry & Associates,Information Technology,Data Processing & Outsourced Services,"Monett, Missouri",2018-11-13,779152,1976,12089450659.919922,165.26
J,Jacobs Solutions,Industrials,Construction & Engineering,"Dallas, Texas",2007-10-26,52988,1947,15279174352.020264,120.85
JNJ,Johnson & Johnson,Health Care,Pharmaceuticals,"New Brunswick, New Jersey",1973-06-30,200406,1886,411399702061.625,155.97
JCI,Johnson Controls,Industrials,Building Products,"Cork, Ireland",2010-08-27,833444,1885,43515295087.47217,62.55
JPM,JPMorgan Chase,Financials,Diversified Banks,"New York City, New York",1975-06-30,19617,2000 (1799 / 1871),409745165361.3281,140.93
JNPR,Juniper Networks,Information Technology,Communications Equipment,"Sunnyvale, California",2006-06-02,1043604,1996,10149666775.283812,30.77
K,Kellogg's,Consumer Staples,Packaged Foods & Meats,"Battle Creek, Michigan",1989-09-11,55067,1906,23409898956.29883,67.68
KDP,Keurig Dr Pepper,Consumer Staples,Soft Drinks,"Burlington, Massachusetts",2022-06-21,1418135,1981,50822128298.71143,35.79
KEY,KeyCorp,Financials,Regional Banks,"Cleveland, Ohio",1994-03-01,91576,1825,16911849638.317505,18.32
KEYS,Keysight,Information Technology,Electronic Equipment & Instruments,"Santa Rosa, California",2018-11-06,1601046,2014 (1939),28391102697.753902,157.81
KMB,Kimberly-Clark,Consumer Staples,Household Products,"Irving, Texas",1957-03-04,55785,1872,43384837725.36621,126.2
KIM,Kimco Realty,Real Estate,Retail REITs,"New Hyde Park, New York",2006-04-04,879101,1958,12734584995.493164,20.64
KMI,Kinder Morgan,Energy,Oil & Gas Storage & Transportation,"Houston, Texas",2012-05-25,1506307,1997,39340000000.0,17.44
KLAC,KLA Corporation,Information Technology,Semiconductor Equipment,"Milpitas, California",1997-09-30,319201,1975/1977 (1997),52979676540.52734,379.85
KHC,Kraft Heinz,Consumer Staples,Packaged Foods & Meats,"Chicago, Illinois; Pittsburgh, Pennsylvania",2015-07-06,1637459,2015 (1869),48767249134.44141,39.61
KR,Kroger,Consumer Staples,Food Retail,"Cincinnati, Ohio",1957-03-04,56873,1883,31635753778.668457,43.75
LHX,L3Harris,Industrials,Aerospace & Defense,"Melbourne, Florida",2008-09-22,202058,2019 (1895),40088400970.72168,210.15
LH,LabCorp,Health Care,Health Care Services,"Burlington, North Carolina",2004-11-01,920148,1978,21613305932.617188,242.3
LRCX,Lam Research,Information Technology,Semiconductor Equipment,"Fremont, California",2012-06-29,707549,1980,64398206000.0,478.61
LW,Lamb Weston,Consumer Staples,Packaged Foods & Meats,"Eagle, Idaho",2018-12-03,1679273,2016 (1950),14604346329.42163,99.98
LVS,Las Vegas Sands,Consumer Discretionary,Casinos & Gaming,"Las Vegas, Nevada",2019-10-03,1300514,1988,44152052946.336426,56.15
LDOS,Leidos,Industrials,Diversified Support Services,"Reston, Virginia",2019-08-09,1336920,1969,13773908604.629517,99.28
LEN,Lennar,Consumer Discretionary,Homebuilding,"Miami, Florida",2005-10-04,920760,1954,27342915337.318115,95.84
LNC,Lincoln Financial,Financials,Multi-line Insurance,"Radnor, Pennsylvania",1976-06-30,59558,1905,5475991404.404297,31.86
LIN,Linde plc,Materials,Industrial Gases,"Guildford, United Kingdom",1992-07-01,1707925,1879,164047432372.89258,347.66
LYV,Live Nation Entertainment,Communication Services,Movies & Entertainment,"Beverly Hills, California",2019-12-23,1335258,2010,17422204588.623047,68.78
LKQ,LKQ Corporation,Consumer Discretionary,Distributors,"Chicago, Illinois",2016-05-23,1065696,1998,14694625440.0,57.55
LMT,Lockheed Martin,Industrials,Aerospace & Defense,"Bethesda, Maryland",1957-03-04,936468,1995,122093106304.21094,480.4
L,Loews Corporation,Financials,Multi-line Insurance,"New York City, New York",1995-05-31,60086,1959,14313728144.14215,61.08
LOW,Lowe's,Consumer Discretionary,Home Improvement Retail,"Mooresville, North Carolina",1984-02-29,60667,1904/1946/1959,121974641348.85548,201.54
LUMN,Lumen Technologies,Communication Services,Alternative Carriers,"Monroe, Louisiana",1999-03-25,18926,1983 (1877),3677931855.305664,3.56
LYB,LyondellBasell,Materials,Specialty Chemicals,"Rotterdam, Netherlands",2012-09-05,1489393,2007,30920246110.4126,96.69
MTB,M&T Bank,Financials,Regional Banks,"Buffalo, New York",2004-02-23,36270,1856,26122366702.22656,156.13
MRO,Marathon Oil,Energy,Oil & Gas Exploration & Production,"Houston, Texas",1957-03-04,101778,1887,16219638118.702148,25.59
MPC,Marathon Petroleum,Energy,Oil & Gas Refining & Marketing,"Findlay, Ohio",2011-07-01,1510295,2009 (1887),56586559722.90039,124.92
MKTX,MarketAxess,Financials,Financial Exchanges & Data,"New York City, New York",2019-07-01,1278021,2000,13237120334.335327,346.62
MAR,Marriott International,Consumer Discretionary,"Hotels, Resorts & Cruise Lines","Bethesda, Maryland",1998-05-29,1048286,1927,52781126869.910645,170.33
MMC,Marsh McLennan,Financials,Insurance Brokers,"New York City, New York",1987-08-31,62709,1905,81032987409.48438,162.04
MLM,Martin Marietta Materials,Materials,Construction Materials,"Raleigh, North Carolina",2014-07-02,916076,1993,22371899965.411377,362.08
MAS,Masco,Industrials,Building Products,"Livonia, Michigan",1981-06-30,62996,1929,11885089090.83252,52.48
MA,Mastercard,Information Technology,Data Processing & Outsourced Services,"Harrison, New York",2008-07-18,1141391,1966,338334533847.6797,353.12
MTCH,Match Group,Communication Services,Interactive Media & Services,"Dallas, Texas",2021-09-20,891103,1986,12174947885.17871,41.34
MKC,McCormick & Company,Consumer Staples,Packaged Foods & Meats,"Hunt Valley, Maryland",2003-03-20,63754,1889,20251665501.171875,74.98
MCD,McDonald's,Consumer Discretionary,Restaurants,"Chicago, Illinois",1970-06-30,63908,1940,195440017477.7832,263.68
MCK,McKesson,Health Care,Health Care Distributors,"Irving, Texas",1999-01-13,927653,1833,49822517441.859375,359.14
MDT,Medtronic,Health Care,Health Care Equipment,"Dublin, Ireland",1986-10-31,1613103,1949,112656581515.75977,83.49
MRK,Merck & Co.,Health Care,Pharmaceuticals,"Kenilworth, New Jersey",1957-03-04,310158,1891,280034915193.77344,109.89
META,Meta Platforms,Communication Services,Interactive Media & Services,"Menlo Park, California",2013-12-23,1326801,2004,443060916162.1094,170.39
MET,MetLife,Financials,Life & Health Insurance,"New York City, New York",2000-12-11,1099219,1868,55425175800.95508,71.84
MTD,Mettler Toledo,Health Care,Life Sciences Tools & Services,"Columbus, Ohio",2016-09-06,1037646,1945,32511365982.714844,1428.09
MGM,MGM Resorts,Consumer Discretionary,Casinos & Gaming,"Paradise, Nevada",2017-07-26,789570,1986,16509927074.035645,42.6
MCHP,Microchip Technology,Information Technology,Semiconductors,"Chandler, Arizona",2007-09-07,827054,1989,44133183499.3125,79.68
MU,Micron Technology,Information Technology,Semiconductors,"Boise, Idaho",1994-09-27,723125,1978,63353914156.42773,58.18
MSFT,Microsoft,Information Technology,Systems Software,"Redmond, Washington",1994-06-01,789019,1975,1890799613366.625,249.22
MAA,Mid-America Apartment Communities,Real Estate,Residential REITs,"Memphis, Tennessee",2016-12-02,912595,1977,19829326357.17773,163.92
MRNA,Moderna,Health Care,Biotechnology,"Cambridge, Massachusetts",2021-07-21,1682852,2010,56843275379.333496,139.26
MHK,Mohawk Industries,Consumer Discretionary,Home Furnishings,"Calhoun, Georgia",2013-12-23,851968,1878,6734604000.0,104.0
MOH,Molina Healthcare,Health Care,Managed Health Care,"Long Beach, California",2022-03-02,1179929,1980,16923011929.32129,287.29
TAP,Molson Coors Beverage Company,Consumer Staples,Brewers,"Chicago, Illinois",1976-06-30,24545,"2005 (Molson 1786, Coors 1873)",11629613555.910156,53.78
MDLZ,Mondelez International,Consumer Staples,Packaged Foods & Meats,"Chicago, Illinois",2012-10-02,1103982,2012,90455613234.9541,65.55
MPWR,Monolithic Power Systems,Information Technology,Semiconductors,"Kirkland, Washington",2021-02-12,1280452,1997,22778119182.525635,483.06
MNST,Monster Beverage,Consumer Staples,Soft Drinks,"Corona, California",2012-06-28,865752,2012 (1935),53546528713.8999,101.23
MCO,Moody's Corporation,Financials,Financial Exchanges & Data,"New York City, New York",1998-07-01,1059556,1909,53616229565.42969,289.24
MS,Morgan Stanley,Financials,Investment Banking & Brokerage,"New York City, New York",1993-07-29,895421,1935,162793260309.51562,97.7
MOS,Mosaic Company (The),Materials,Fertilizers & Agricultural Chemicals,"Tampa, Florida",2011-09-26,1285785,2004 (1865 / 1909),17601164777.533447,51.51
MSI,Motorola Solutions,Information Technology,Communications Equipment,"Chicago, Illinois",1957-03-04,68505,1928 (2011),44093792449.95117,261.8
MSCI,MSCI,Financials,Financial Exchanges & Data,"New York City, New York",2018-04-04,1408198,1969,42190895952.14844,518.16
NDAQ,"Nasdaq, Inc.",Financials,Financial Exchanges & Data,"New York City, New York",2008-10-22,1120193,1971,28017697800.29297,57.05
NTAP,NetApp,Information Technology,"Technology Hardware, Storage & Peripherals","San Jose, California",1999-06-25,1002047,1992,13664093736.08789,65.38
NFLX,Netflix,Communication Services,Movies & Entertainment,"Los Gatos, California",2010-12-20,1065280,1997,142052335685.39648,317.15
NWL,Newell Brands,Consumer Discretionary,Housewares & Specialties,"Atlanta, Georgia",1989-04-30,814453,1903,6226748126.220703,14.55
NEM,Newmont,Materials,Gold,"Denver, Colorado",1969-06-30,1164727,1921,35091200816.990234,43.54
NWSA,News Corp (Class A),Communication Services,Publishing,"New York City, New York",2013-08-01,1564708,2013 (1980),10076729371.769287,17.44
NWS,News Corp (Class B),Communication Services,Publishing,"New York City, New York",2015-09-18,1564708,2013 (1980),10086585835.232178,17.61
NEE,NextEra Energy,Utilities,Multi-Utilities,"Juno Beach, Florida",1976-06-30,753308,1984 (1925),145460110620.46875,72.92
NKE,"Nike, Inc.",Consumer Discretionary,"Apparel, Accessories & Luxury Goods","Washington County, Oregon",1988-11-30,320187,1964,185633045092.77344,118.04
NI,NiSource,Utilities,Multi-Utilities,"Merrillville, Indiana",2000-11-02,1111711,1912,11323016025.23877,27.82
NDSN,Nordson Corporation,Industrials,Industrial Machinery,"Westlake, Ohio",2022-02-15,72331,1935,12704535492.596436,220.32
NSC,Norfolk Southern Railway,Industrials,Railroads,"Atlanta, Georgia",1957-03-04,702165,1881/1894 (1980),50813608977.0813,224.77
NTRS,Northern Trust,Financials,Asset Management & Custody Banks,"Chicago, Illinois",1998-01-30,73124,1889,19442163585.57129,93.42
NOC,Northrop Grumman,Industrials,Aerospace & Defense,"West Falls Church, Virginia",1957-03-04,1133421,"1994 (Northrop 1939, Grumman 1930)",73003217805.65039,470.91
NCLH,Norwegian Cruise Line Holdings,Consumer Discretionary,"Hotels, Resorts & Cruise Lines","Miami, Florida",2017-10-13,1513761,2011 (1966),7037313521.499634,16.4
NRG,NRG Energy,Utilities,Independent Power Producers & Energy Traders,"Houston, Texas",2010-01-29,1013871,1992,7681110582.150635,33.6
NUE,Nucor,Materials,Steel,"Charlotte, North Carolina",1985-04-30,73309,1940,41249118301.3916,162.53
NVDA,Nvidia,Information Technology,Semiconductors,"Santa Clara, California",2001-11-30,1045810,1993,588635336730.957,232.86
NVR,"NVR, Inc.",Consumer Discretionary,Homebuilding,"Reston, Virginia",2019-09-26,906163,1980,16538247348.81836,5132.47
NXPI,NXP Semiconductors,Information Technology,Semiconductors,"Eindhoven, Netherlands",2021-03-22,1413447,1953,46066431479.3042,176.86
ORLY,O'Reilly Auto Parts,Consumer Discretionary,Specialty Stores,"Springfield, Missouri",2009-03-27,898173,1957,52386042502.29492,831.82
OXY,Occidental Petroleum,Energy,Oil & Gas Exploration & Production,"Houston, Texas",1957-03-04,797468,1920,53889510943.495605,58.98
ODFL,Old Dominion,Industrials,Trucking,"Thomasville, North Carolina",2019-12-09,878927,1934,37917973326.47705,339.54
OMC,Omnicom Group,Communication Services,Advertising,"New York City, New York",1997-12-31,29989,1986,18682030085.07715,91.6
ON,ON Semiconductor,Information Technology,Semiconductors,"Phoenix, Arizona",2022-06-21,1097864,1999,33468882090.08789,76.28
OKE,ONEOK,Energy,Oil & Gas Storage & Transportation,"Tulsa, Oklahoma",2010-03-15,1039684,1906,30160456340.714844,67.56
ORCL,Oracle Corporation,Information Technology,Application Software,"Austin, Texas",1989-08-31,1341439,1977,239238281488.89255,88.66
OGN,Organon & Co.,Health Care,Pharmaceuticals,"Jersey City, New Jersey",2021-06-03,1821825,2021,6794062207.122803,25.59
OTIS,Otis Worldwide,Industrials,Industrial Machinery,"Farmington, Connecticut",2020-04-03,1781335,2020 (1853),34674751111.00781,83.63
PCAR,Paccar,Industrials,Construction Machinery & Heavy Trucks,"Bellevue, Washington",1980-12-31,75362,1905,38294402407.62305,72.3
PKG,Packaging Corporation of America,Materials,Paper Packaging,"Lake Forest, Illinois",2017-07-26,75677,1959,12518058034.13672,137.8
PARA,Paramount Global,Communication Services,Movies & Entertainment,"New York City, New York",1994-09-30,813828,2019 (1952),15243803716.25,22.3
PH,Parker Hannifin,Industrials,Industrial Machinery,"Cleveland, Ohio",1985-11-30,76334,1917,44340273853.14941,348.03
PAYX,Paychex,Information Technology,Data Processing & Outsourced Services,"Penfield, New York",1998-10-01,723531,1971,39954161846.65039,110.98
PAYC,Paycom,Information Technology,Application Software,"Oklahoma City, Oklahoma",2020-01-28,1590955,1998,17922604937.46338,293.42
PYPL,PayPal,Information Technology,Data Processing & Outsourced Services,"San Jose, California",2015-07-20,1633917,1998,84224838113.61328,73.55
PNR,Pentair,Industrials,Industrial Machinery,"Worsley, United Kingdom",2012-10-01,77360,1966,8988984702.790894,55.43
PEP,PepsiCo,Consumer Staples,Soft Drinks,"Purchase, New York",1957-03-04,77476,1898,242946900061.1328,175.96
PKI,PerkinElmer,Health Care,Health Care Equipment,"Waltham, Massachusetts",1985-05-31,31791,1937,16258133208.068848,125.13
PFE,Pfizer,Health Care,Pharmaceuticals,"New York City, New York",1957-03-04,78003,1849,238593745505.42188,41.75
PCG,PG&E Corporation,Utilities,Multi-Utilities,"San Francisco, California",2022-10-03,1004980,1905,32042157549.86206,15.78
PM,Philip Morris International,Consumer Staples,Tobacco,"New York City, New York",2008-03-31,1413329,2008 (1847),154340896608.21875,98.58
PSX,Phillips 66,Energy,Oil & Gas Refining & Marketing,"Houston, Texas",2012-05-01,1534701,2012 (1917),46800380142.21192,102.0
PNW,Pinnacle West,Utilities,Multi-Utilities,"Phoenix, Arizona",1999-10-04,764622,1985,8338417654.724121,73.38
PXD,Pioneer Natural Resources,Energy,Oil & Gas Exploration & Production,"Irving, Texas",2008-09-24,1038357,1997,48849168339.79785,196.57
PNC,PNC Financial Services,Financials,Regional Banks,"Pittsburgh, Pennsylvania",1988-04-30,713676,1845,62415647552.49024,158.49
POOL,Pool Corporation,Consumer Discretionary,Distributors,"Covington, Louisiana",2020-10-07,945841,1993,13874677703.308104,356.31
PPG,PPG Industries,Materials,Specialty Chemicals,"Pittsburgh, Pennsylvania",1957-03-04,79879,1883,29987802302.39868,129.71
PPL,PPL Corporation,Utilities,Electric Utilities,"Allentown, Pennsylvania",2001-10-01,922224,1920,20269695160.60742,27.69
PFG,Principal Financial Group,Financials,Life & Health Insurance,"Des Moines, Iowa",2002-07-22,1126328,1879,21498901646.48437,88.89
PG,Procter & Gamble,Consumer Staples,Personal Products,"Cincinnati, Ohio",1957-03-04,80424,1837,331346654924.46094,139.26
PGR,Progressive Corporation,Financials,Property & Casualty Insurance,"Mayfield Village, Ohio",1997-08-04,80661,1937,83797395346.84375,141.81
PLD,Prologis,Real Estate,Industrial REITs,"San Francisco, California",2003-07-17,1045609,1983,113757219778.94531,121.38
PRU,Prudential Financial,Financials,Life & Health Insurance,"Newark, New Jersey",2002-07-22,1137774,1875,36089431228.637695,99.04
PEG,Public Service Enterprise Group,Utilities,Electric Utilities,"Newark, New Jersey",1957-03-04,788784,1903,30414993396.00122,61.15
PTC,PTC,Information Technology,Application Software,"Boston, Massachusetts",2021-04-20,857005,1985,15333981013.09204,126.99
PSA,Public Storage,Real Estate,Specialized REITs,"Glendale, California",2005-08-19,1393311,1972,51688840104.8584,293.24
PHM,PulteGroup,Consumer Discretionary,Homebuilding,"Atlanta, Georgia",1984-04-30,822416,1956,11916033048.593262,53.58
QRVO,Qorvo,Information Technology,Semiconductors,"Greensboro, North Carolina",2015-06-11,1604778,2015,10106789286.483765,100.67
PWR,Quanta Services,Industrials,Construction & Engineering,"Houston, Texas",2009-07-01,1050915,1997,23187829379.66016,160.64
QCOM,Qualcomm,Information Technology,Semiconductors,"San Diego, California",1999-07-22,804328,1985,138449555905.2539,124.34
DGX,Quest Diagnostics,Health Care,Health Care Services,"Secaucus, New Jersey",2002-12-12,1022079,1967,15943130401.611328,139.99
RL,Ralph Lauren Corporation,Consumer Discretionary,"Apparel, Accessories & Luxury Goods","New York City, New York",2007-02-02,1037038,1967,7785569200.0,118.95
RJF,Raymond James,Financials,Investment Banking & Brokerage,"St. Petersburg, Florida",2017-03-20,720005,1962,23025435445.67871,107.77
RTX,Raytheon Technologies,Industrials,Aerospace & Defense,"Waltham, Massachusetts",1957-03-04,101829,1922,146313056399.57227,99.62
O,Realty Income,Real Estate,Retail REITs,"San Diego, California",2015-04-07,726728,1969,43651775581.2168,64.98
REG,Regency Centers,Real Estate,Retail REITs,"Jacksonville, Florida",2017-03-02,910606,1963,10847285321.160645,63.15
REGN,Regeneron,Health Care,Biotechnology,"Tarrytown, New York",2013-05-01,872589,1988,82969138887.81738,756.99
RF,Regions Financial Corporation,Financials,Regional Banks,"Birmingham, Alabama",1998-08-28,1281761,1971,21296025560.15088,23.17
RSG,Republic Services,Industrials,Environmental & Facilities Services,"Phoenix, Arizona",2008-12-05,1060391,1998 (1981),40465504716.09961,129.61
RMD,ResMed,Health Care,Health Care Equipment,"San Diego, California",2017-07-26,943819,1989,31528138862.786133,211.53
RHI,Robert Half,Industrials,Human Resource & Employment Services,"Menlo Park, California",2000-12-05,315213,1948,8539374518.600464,78.57
ROK,Rockwell Automation,Industrials,Electrical Components & Equipment,"Milwaukee, Wisconsin",<1985?,1024478,1903,33360242161.376957,290.39
ROL,"Rollins, Inc.",Industrials,Environmental & Facilities Services,"Atlanta, Georgia",2018-10-01,84839,1948,17377483624.420166,35.12
ROP,Roper Technologies,Information Technology,Electronic Equipment & Instruments,"Sarasota, Florida",2009-12-23,882835,1981,45307535569.45801,428.44
ROST,Ross Stores,Consumer Discretionary,Apparel Retail,"Dublin, California",2009-12-21,745732,1982,38452468014.4043,111.46
RCL,Royal Caribbean Group,Consumer Discretionary,"Hotels, Resorts & Cruise Lines","Miami, Florida",2014-12-05,884887,1997,18256505949.414062,70.17
SPGI,S&P Global,Financials,Financial Exchanges & Data,"New York City, New York",1957-03-04,64040,1917,114670231579.58984,343.38
CRM,Salesforce,Information Technology,Application Software,"San Francisco, California",2008-09-15,1108524,1999,163080001831.0547,162.2
SBAC,SBA Communications,Real Estate,Specialized REITs,"Boca Raton, Florida",2017-09-01,1034054,1989,28644045496.49048,257.82
SLB,Schlumberger,Energy,Oil & Gas Equipment & Services,"Curaçao, Kingdom of the Netherlands",1957-03-04,87347,1926,75776791343.55957,53.92
STX,Seagate Technology,Information Technology,"Technology Hardware, Storage & Peripherals","Dublin, Ireland",2012-07-02,1137789,1979,13688856401.916504,66.09
SEE,Sealed Air,Materials,Paper Packaging,"Charlotte, North Carolina",1957-03-04,1012100,1960,7058456684.265137,49.06
SRE,Sempra Energy,Utilities,Multi-Utilities,"San Diego, California",2001?,1032208,1998,49116103199.78906,155.28
NOW,ServiceNow,Information Technology,Systems Software,"Santa Clara, California",2019-11-21,1373715,2003,88535406982.42188,425.59
SHW,Sherwin-Williams,Materials,Specialty Chemicals,"Cleveland, Ohio",1964-06-30,89800,1866,57275788735.33838,221.08
SBNY,Signature Bank,Financials,Regional Banks,"New York City, New York",2021-12-20,1288784,2001,7187098190.386963,114.21
SPG,Simon Property Group,Real Estate,Retail REITs,"Indianapolis, Indiana",2002-06-26,1063761,2003,45671556516.89356,121.83
SWKS,Skyworks Solutions,Information Technology,Semiconductors,"Irvine, California",2015-03-12,4127,2002,17682678553.66516,112.12
SJM,J.M. Smucker Company (The),Consumer Staples,Packaged Foods & Meats,"Orrville, Ohio",2008-11-06,91419,1897,15906805719.039915,148.6
SNA,Snap-on,Industrials,Industrial Machinery,"Kenosha, Wisconsin",1982-09-30,91440,1920,13024737754.837036,246.77
SEDG,SolarEdge,Information Technology,Semiconductor Equipment,"Herzliya, Israel",2021-12-20,1419612,2006,16394882549.1333,296.18
SO,Southern Company,Utilities,Electric Utilities,"Atlanta, Georgia",1957-03-04,92122,1945,70730147926.01367,64.56
LUV,Southwest Airlines,Industrials,Airlines,"Dallas, Texas",1994-07-01,92380,1967,19896727684.43701,33.57
SWK,Stanley Black & Decker,Industrials,Industrial Machinery,"New Britain, Connecticut",1982-09-30,93556,1843,12557316553.66516,84.8
SBUX,Starbucks,Consumer Discretionary,Restaurants,"Seattle, Washington",2000-06-07,829224,1971,119032997335.02148,101.6
STT,State Street Corporation,Financials,Asset Management & Custody Banks,"Boston, Massachusetts",2003-03-14,93751,1792,30116078325.666504,87.17
STLD,Steel Dynamics,Materials,Steel,"Fort Wayne, Indiana",2022-12-22,1022671,1993,20836767283.02002,118.5
STE,Steris,Health Care,Health Care Equipment,"Dublin, Ireland",2019-12-23,1757898,1985,18477819744.59839,186.13
SYK,Stryker Corporation,Health Care,Health Care Equipment,"Kalamazoo, Michigan",2000-12-12,310764,1941,99568148745.79784,262.31
SIVB,SVB Financial,Financials,Regional Banks,"Santa Clara, California",2018-03-19,719739,1983,16817837490.231323,282.92
SYF,Synchrony Financial,Financials,Consumer Finance,"Stamford, Connecticut",2015-11-18,1601712,2003,15516928425.84375,35.8
SNPS,Synopsys,Information Technology,Application Software,"Mountain View, California",2017-03-16,883241,1986,55434883633.23975,362.28
SYY,Sysco,Consumer Staples,Food Distributors,"Houston, Texas",1986-12-31,96021,1969,39146421874.176025,75.83
TMUS,T-Mobile US,Communication Services,Wireless Telecommunication Services,"Bellevue, Washington",2019-07-15,1283699,1994,176962517856.0,144.41
TROW,T. Rowe Price,Financials,Asset Management & Custody Banks,"Baltimore, Maryland",,1113169,1937,25244888400.0,110.16
TTWO,Take-Two Interactive,Communication Services,Interactive Home Entertainment,"New York City, New York",2018-03-19,946581,1993,18512082128.0,109.3
TPR,"Tapestry, Inc.",Consumer Discretionary,"Apparel, Accessories & Luxury Goods","New York City, New York",2004-09-01,1116132,2017,10085167008.17871,42.6
TRGP,Targa Resources,Energy,Oil & Gas Storage & Transportation,"Houston, Texas",2022-10-12,1389170,2005,17269018314.29004,75.76
TGT,Target Corporation,Consumer Discretionary,General Merchandise Stores,"Minneapolis, Minnesota",1976-12-31,27419,1902,75090375157.6875,166.96
TEL,TE Connectivity,Information Technology,Electronic Manufacturing Services,"Schaffhausen, Switzerland",2011-10-17,1385157,2007,39941618086.37988,125.47
TDY,Teledyne Technologies,Information Technology,Electronic Equipment & Instruments,"Thousand Oaks, California",2020-06-22,1094285,1960,20116138354.70581,429.64
TFX,Teleflex,Health Care,Health Care Equipment,"Wayne, Pennsylvania",2019-01-18,96943,1943,11003772204.223633,235.18
TER,Teradyne,Information Technology,Semiconductor Equipment,"North Reading, Massachusetts",2020-09-21,97210,1960,15767180402.862549,100.64
TSLA,"Tesla, Inc.",Consumer Discretionary,Automobile Manufacturers,"Austin, Texas",2020-12-21,1318605,2003,626650033668.8672,196.88
TXN,Texas Instruments,Information Technology,Semiconductors,"Dallas, Texas",<1985?,97476,1930,153452401803.50684,169.14
TXT,Textron,Industrials,Aerospace & Defense,"Providence, Rhode Island",1978-12-31,217346,1923,15087552562.940186,73.56
TMO,Thermo Fisher Scientific,Health Care,Life Sciences Tools & Services,"Waltham, Massachusetts",2004-08-03,97745,2006 (1902),216962831987.54883,542.79
TJX,TJX Companies,Consumer Discretionary,Apparel Retail,"Framingham, Massachusetts",1985-09-30,109198,1987,88800175696.04688,77.19
TSCO,Tractor Supply,Consumer Discretionary,Specialty Stores,"Brentwood, Tennessee",2014-01-24,916365,1938,25596486494.84253,230.54
TT,Trane Technologies,Industrials,Building Products,"Dublin, Ireland",2010-11-17,1466258,1871,41419051637.21484,181.7
TDG,TransDigm Group,Industrials,Aerospace & Defense,"Cleveland, Ohio",2016-06-03,1260221,1993,40311962620.25757,741.85
TRV,Travelers Companies (The),Financials,Property & Casualty Insurance,"New York City, New York",2002-08-21,86312,1853,43127708779.90723,185.33
TRMB,Trimble Inc.,Information Technology,Electronic Equipment & Instruments,"Westminster, Colorado",2021-01-21,864749,1978,13019309741.455078,51.78
TFC,Truist,Financials,Regional Banks,"Charlotte, North Carolina",1997-12-04,92230,1872,62241592845.86182,47.08
TYL,Tyler Technologies,Information Technology,Application Software,"Plano, Texas",2020-06-22,860731,1966,14081781077.020264,327.05
TSN,Tyson Foods,Consumer Staples,Packaged Foods & Meats,"Springdale, Arkansas",2005-08-10,100493,1935,22333311523.878902,61.23
USB,U.S. Bank,Financials,Diversified Banks,"Minneapolis, Minnesota",<1985?,36104,1968,72722654887.8457,47.64
UDR,"UDR, Inc.",Real Estate,Residential REITs,"Highlands Ranch, Colorado",2016-03-07,74208,1972,24278737536.050537,43.63
ULTA,Ulta Beauty,Consumer Discretionary,Specialty Stores,"Bolingbrook, Illinois",2016-04-18,1403568,1990,27068076295.117188,519.99
UNP,Union Pacific Corporation,Industrials,Railroads,"Omaha, Nebraska",1957-03-04,100885,1862,117601993345.51172,194.02
UAL,United Airlines Holdings,Industrials,Airlines,"Chicago, Illinois",2015-09-03,100517,1967,16537822124.713867,50.21
UPS,United Parcel Service,Industrials,Air Freight & Logistics,"Sandy Springs, Georgia",2002-07-22,1090727,1907,153723220260.71484,180.15
URI,United Rentals,Industrials,Trading Companies & Distributors,"Stamford, Connecticut",2014-09-20,1067701,1997,30775200386.657715,450.43
UNH,UnitedHealth Group,Health Care,Managed Health Care,"Minnetonka, Minnesota",1994-07-01,731766,1977,460045408628.78906,484.33
UHS,Universal Health Services,Health Care,Health Care Facilities,"King of Prussia, Pennsylvania",2014-09-20,352915,1979,10497866099.737549,146.92
VLO,Valero Energy,Energy,Oil & Gas Refining & Marketing,"San Antonio, Texas",2002-12-20,1035002,1980,50889037056.0,132.75
VTR,Ventas,Real Estate,Health Care REITs,"Chicago, Illinois",2009-03-04,740260,1998,20067697444.86914,49.69
VRSN,Verisign,Information Technology,Internet Services & Infrastructure,"Dulles, Virginia",2006-02-01,1014473,1995,21227508959.869385,198.38
VRSK,Verisk,Industrials,Research & Consulting Services,"Jersey City, New Jersey",2015-10-08,1442145,1971,27147392347.29004,171.68
VZ,Verizon,Communication Services,Integrated Telecommunication Services,"New York City, New York",1983-11-30,732712,1983 (1877),163900320910.9082,38.74
VRTX,Vertex Pharmaceuticals,Health Care,Biotechnology,"Cambridge, Massachusetts",2013-09-23,875320,1989,75623318434.04102,287.37
VFC,VF Corporation,Consumer Discretionary,"Apparel, Accessories & Luxury Goods","Denver, Colorado",1979-06-30,103379,1899,9555131792.493896,24.18
VTRS,Viatris,Health Care,Pharmaceuticals,"Pittsburgh, Pennsylvania",2004-04-23,1792044,1961,14283648186.867432,11.51
VICI,Vici Properties,Real Estate,Hotel & Resort REITs,"New York City, New York",2022-06-08,1705696,2017,34674855028.785645,33.29
V,Visa Inc.,Information Technology,Data Processing & Outsourced Services,"San Francisco, California",2009-12-21,1403161,1958,463486729194.85547,219.55
VMC,Vulcan Materials Company,Materials,Construction Materials,"Birmingham, Alabama",1999-06-30,1396009,1909,24003005011.19995,183.64
WAB,Wabtec,Industrials,Construction Machinery & Heavy Trucks,"Pittsburgh, Pennsylvania",2019-02-27,943452,1999 (1869),18745787320.3125,103.5
WBA,Walgreens Boots Alliance,Consumer Staples,Drug Retail,"Deerfield, Illinois",1979-12-31,1618921,2014,31188144508.39233,35.8
WMT,Walmart,Consumer Staples,Hypermarkets & Super Centers,"Bentonville, Arkansas",1982-08-31,104169,1962,383080448229.98047,142.47
WBD,Warner Bros. Discovery,Communication Services,Broadcasting,"New York City, New York",2022-04-11,1437107,2022,37445930159.03223,15.55
WM,Waste Management,Industrials,Environmental & Facilities Services,"Houston, Texas",<1985?,823768,1968,61569731691.16211,151.31
WAT,Waters Corporation,Health Care,Health Care Distributors,"Milford, Massachusetts",2002-01-02,1000697,1958,19211824634.22852,314.05
WEC,WEC Energy Group,Utilities,Electric Utilities,"Milwaukee, Wisconsin",2008-10-31,783325,1896,28766095458.296875,91.02
WFC,Wells Fargo,Financials,Diversified Banks,"San Francisco, California",1976-06-30,72971,1852,174005857587.08496,46.62
WELL,Welltower,Real Estate,Health Care REITs,"Toledo, Ohio",2009-01-30,766704,1970,37141749302.67334,74.87
WST,West Pharmaceutical Services,Health Care,Health Care Supplies,"Exton, Pennsylvania",2020-05-22,105770,1923,22877875572.49756,310.25
WDC,Western Digital,Information Technology,"Technology Hardware, Storage & Peripherals","San Jose, California",2009-07-01,106040,1970,12586313412.353516,39.11
WRK,WestRock,Materials,Paper Packaging,"Atlanta, Georgia",1957-03-04,1732845,2015,8039363562.286377,31.65
WY,Weyerhaeuser,Real Estate,Specialized REITs,"Seattle, Washington",<1985?,106535,1900,22794300624.0,30.87
WHR,Whirlpool Corporation,Consumer Discretionary,Household Appliances,"Benton Harbor, Michigan",<1985?,106640,1911,7605824041.32843,139.09
WMB,Williams Companies,Energy,Oil & Gas Storage & Transportation,"Tulsa, Oklahoma",1975-03-31,107263,1908,37784186553.95508,31.18
WTW,Willis Towers Watson,Financials,Insurance Brokers,"London, United Kingdom",2016-01-05,1140536,2016,25266476625.793457,234.7
GWW,W. W. Grainger,Industrials,Industrial Machinery,"Lake Forest, Illinois",1981-06-30,277135,1927,32826576639.715576,664.1
WYNN,Wynn Resorts,Consumer Discretionary,Casinos & Gaming,"Paradise, Nevada",2008-11-14,1174922,2002,12194285867.93518,105.53
XEL,Xcel Energy,Utilities,Multi-Utilities,"Minneapolis, Minnesota",1957-03-04,72903,1909,36485091428.03711,65.81
XYL,Xylem Inc.,Industrials,Industrial Machinery,"White Plains, New York",2011-11-01,1524472,2011,18519501054.93164,102.4
YUM,Yum! Brands,Consumer Discretionary,Restaurants,"Louisville, Kentucky",1997-10-06,1041061,1997,36336998291.015625,126.83
ZBRA,Zebra Technologies,Information Technology,Electronic Equipment & Instruments,"Lincolnshire, Illinois",2019-12-23,877212,1969,15372061927.249146,291.92
ZBH,Zimmer Biomet,Health Care,Health Care Equipment,"Warsaw, Indiana",2001-08-07,1136869,1927,25833671425.1709,122.7
ZION,Zions Bancorporation,Financials,Regional Banks,"Salt Lake City, Utah",2001-06-22,109380,1873,7278589303.894043,50.27
ZTS,Zoetis,Health Care,Pharmaceuticals,"Parsippany, New Jersey",2013-06-21,1555280,1952,77709999827.45508,166.33
